accuracy,precision,recall,f1,latency_ms,seed,dataset,train_time_s
94.48698315467074,94.44885101428892,94.76140020429766,94.57665814135083,0.0472055413784125,42,Dataset-2,158.9666497707367
92.80245022970904,93.49963970049619,92.74721550047063,93.05026608566173,0.04300382329430772,123,Dataset-2,155.7137110233307
94.33384379785605,94.23449595251672,94.18719358738767,94.20011344937572,0.05586993890804248,2024,Dataset-2,157.03780245780945
98.77955758962624,98.74216552843498,98.67483660130718,98.7007639715996,0.0419744138732658,42,Dataset-3,403.953275680542
98.8558352402746,98.76939711291216,98.75980392156862,98.76074763497374,0.0472078810612298,123,Dataset-3,315.5230729579925
98.8558352402746,98.8437571783323,98.76470588235294,98.802141045233,0.0450812825342504,2024,Dataset-3,315.5505254268646
97.77227722772275,97.75990202357308,97.76254996050513,97.75726630995348,0.0467473234897269,42,Dataset-4,386.06063866615295
98.51485148514853,98.50153478269222,98.50582152073063,98.50068948111812,0.0471240819844984,123,Dataset-4,312.76233196258545
97.77227722772275,97.79463566827698,97.78330931891718,97.78522504118466,0.0487591202994038,2024,Dataset-4,318.0732686519623
