dataset,variant,seed,params,n_train,n_val,n_test,accuracy,precision,recall,f1,auc_macro,n_test_dup_of_train,n_test_clean,accuracy_clean,f1_clean,best_epoch,epochs_run,train_time_s,latency_ms_bs1
Dataset-2,full,42,1445444,2583,287,394,76.6497461928934,84.09049482067965,75.69242068155113,73.57960851967943,0.9412704749925028,257,137,37.95620437956204,31.398982558139537,37,47,165.06518054008484,1.1306209999929706
Dataset-2,full,123,1445444,2583,287,394,79.69543147208121,86.08294930875576,79.55009512618209,77.00183691047478,0.9435610492714988,257,137,44.52554744525548,35.57802192093917,27,37,129.0775899887085,1.1343454999951064
Dataset-2,full,2024,1445444,2583,287,394,76.39593908629442,84.62489343563513,75.4217167478037,73.18298972047772,0.9283649719321276,257,137,39.416058394160586,31.716604244694132,32,42,146.8146686553955,1.1379430000124555
Dataset-3,full,42,1445444,5140,572,1311,99.31350114416476,99.27831156212888,99.2716049382716,99.2687873190676,0.9999118357798344,430,881,99.09194097616346,99.1838569370289,53,60,411.9520032405853,1.2073885000063456
Dataset-3,full,123,1445444,5140,572,1311,98.77955758962624,98.79027777479553,98.6781045751634,98.73180512562284,0.9997740024109008,430,881,98.5244040862656,98.46941249973962,23,33,224.83155608177185,1.161944499999663
Dataset-3,full,2024,1445444,5140,572,1311,99.16094584286805,99.15385571656324,99.09150326797383,99.12199751791869,0.9995795095525648,430,881,98.86492622020432,98.79916207180209,38,48,325.9381444454193,1.1126284999954803
Dataset-4,full,42,1445187,4632,515,909,99.11991199119912,99.12781207863176,99.11622856854278,99.11818072357548,0.999807143701994,5,904,99.1150442477876,99.1154930933934,50,60,369.7784185409546,1.1059245000069495
Dataset-4,full,123,1445187,4632,515,909,98.34983498349835,98.36116287938302,98.34103477009316,98.34618381462704,0.9995213952899824,5,904,98.34070796460178,98.33913287156338,31,41,252.0084712505341,1.0999230000015814
Dataset-4,full,2024,1445187,4632,515,909,98.34983498349835,98.39459066772632,98.33887043189368,98.3505938562716,0.9995253228993248,5,904,98.34070796460178,98.34105456087865,30,40,245.87488269805908,1.1136260000057518
Dataset-2-dedup,full,42,1445444,2035,227,566,92.04946996466431,91.71382488341997,91.05899060863933,91.36243159172996,0.9865961722563338,0,566,92.04946996466431,91.36243159172996,32,42,113.92166018486023,1.1522934999993595
Dataset-2-dedup,full,123,1445444,2035,227,566,89.92932862190813,88.67865896358545,89.77281348014081,89.1632360270224,0.980818696798384,0,566,89.92932862190813,89.1632360270224,23,33,89.73188996315002,1.15129750000051
Dataset-2-dedup,full,2024,1445444,2035,227,566,90.98939929328623,91.33037842307505,89.63329052947844,90.39778866907753,0.9865947755968516,0,566,90.98939929328623,90.39778866907753,20,30,80.01830792427063,1.155223499990825
